source,month,snapshots,GIX-H100,GIX-H200,GIX-B200,GIX-A100
lambda,2023-01,1,0,0,0,1
lambda,2023-02,2,0,0,0,2
lambda,2023-03,1,0,0,0,1
lambda,2023-04,2,0,0,0,2
lambda,2023-05,2,1,0,0,2
lambda,2023-06,0,0,0,0,0
lambda,2023-07,2,2,0,0,2
lambda,2023-08,2,4,0,0,2
lambda,2023-09,2,4,0,0,2
lambda,2023-10,3,6,0,0,3
lambda,2023-11,3,6,0,0,3
lambda,2023-12,2,4,0,0,2
lambda,2024-01,1,2,0,0,1
lambda,2024-02,1,2,0,0,1
lambda,2024-03,3,6,0,0,3
lambda,2024-04,3,6,0,0,3
lambda,2024-05,3,6,0,0,3
lambda,2024-06,0,0,0,0,0
lambda,2024-07,3,6,0,0,3
lambda,2024-08,2,4,0,0,2
lambda,2024-09,3,6,0,0,3
lambda,2024-10,1,5,0,0,1
lambda,2024-11,3,15,0,0,3
lambda,2024-12,2,10,0,0,2
lambda,2025-01,4,20,0,0,4
lambda,2025-02,2,10,0,0,2
lambda,2025-03,2,10,0,0,2
lambda,2025-04,2,10,0,0,2
lambda,2025-05,0,0,0,0,0
lambda,2025-06,2,10,0,0,2
lambda,2025-07,3,15,0,0,3
lambda,2025-08,3,15,0,1,3
lambda,2025-09,3,15,0,3,3
lambda,2025-10,4,20,0,4,4
lambda,2025-11,2,10,0,2,2
lambda,2025-12,3,15,0,3,3
lambda,2026-01,4,20,0,16,4
lambda,2026-02,3,15,0,12,3
lambda,2026-03,2,10,0,8,2
lambda,2026-04,2,10,0,8,2
lambda,2026-05,3,15,0,12,3
lambda,2026-06,2,10,0,8,2
lambda,2026-07,3,15,0,12,3
lambda,2026-08,4,20,0,16,4
lambda,2026-09,5,25,0,20,5
runpod,2023-01,0,0,0,0,0
runpod,2023-02,1,0,0,0,1
runpod,2023-03,0,0,0,0,0
runpod,2023-04,1,0,0,0,2
runpod,2023-05,0,0,0,0,0
runpod,2023-06,0,0,0,0,0
runpod,2023-07,0,0,0,0,0
runpod,2023-08,1,2,0,0,2
runpod,2023-09,1,2,0,0,2
runpod,2023-10,1,2,0,0,2
runpod,2023-11,2,4,0,0,4
runpod,2023-12,1,2,0,0,2
runpod,2024-01,3,6,0,0,6
runpod,2024-02,0,0,0,0,0
runpod,2024-03,2,4,0,0,4
runpod,2024-04,2,4,0,0,4
runpod,2024-05,2,4,0,0,4
runpod,2024-06,2,4,0,0,4
runpod,2024-07,2,4,0,0,4
runpod,2024-08,2,4,0,0,4
runpod,2024-09,2,4,0,0,4
runpod,2024-10,1,2,0,0,2
runpod,2024-11,4,8,4,0,8
runpod,2024-12,3,6,3,0,6
runpod,2025-01,2,4,2,0,4
runpod,2025-02,2,4,2,0,4
runpod,2025-03,1,2,1,0,2
runpod,2025-04,2,4,2,2,4
runpod,2025-05,2,4,2,2,4
runpod,2025-06,2,4,2,2,4
runpod,2025-07,4,8,4,4,8
runpod,2025-08,2,4,2,2,4
runpod,2025-09,2,4,2,2,4
runpod,2025-10,2,4,2,2,4
runpod,2025-11,3,6,3,3,6
runpod,2025-12,3,6,3,3,6
runpod,2026-01,2,4,2,2,4
runpod,2026-02,3,6,3,3,6
runpod,2026-03,2,4,2,2,4
runpod,2026-04,4,8,4,4,8
runpod,2026-05,3,6,3,3,6
runpod,2026-06,3,6,3,3,6
runpod,2026-07,3,6,3,3,6
runpod,2026-08,5,10,5,5,10
runpod,2026-09,4,8,4,4,8
coreweave,2023-01,1,0,0,0,0
coreweave,2023-02,0,0,0,0,0
coreweave,2023-03,1,0,0,0,0
coreweave,2023-04,1,0,0,0,0
coreweave,2023-05,0,0,0,0,0
coreweave,2023-06,0,0,0,0,0
coreweave,2023-07,1,0,0,0,0
coreweave,2023-08,0,0,0,0,0
coreweave,2023-09,1,0,0,0,0
coreweave,2023-10,0,0,0,0,0
coreweave,2023-11,1,0,0,0,0
coreweave,2023-12,1,0,0,0,0
coreweave,2024-01,1,0,0,0,0
coreweave,2024-02,1,0,0,0,0
coreweave,2024-03,1,0,0,0,0
coreweave,2024-04,1,0,0,0,0
coreweave,2024-05,1,0,0,0,0
coreweave,2024-06,1,0,0,0,0
coreweave,2024-07,1,0,0,0,0
coreweave,2024-08,1,0,0,0,0
coreweave,2024-09,1,0,0,0,0
coreweave,2024-10,1,0,0,0,0
coreweave,2024-11,1,0,0,0,0
coreweave,2024-12,1,0,0,0,0
coreweave,2025-01,1,1,1,0,0
coreweave,2025-02,1,1,1,0,0
coreweave,2025-03,1,1,1,0,0
coreweave,2025-04,1,1,1,0,0
coreweave,2025-05,1,1,1,0,1
coreweave,2025-06,1,1,1,1,1
coreweave,2025-07,1,1,1,1,1
coreweave,2025-08,1,1,1,1,1
coreweave,2025-09,1,1,1,1,1
coreweave,2025-10,1,1,1,1,1
coreweave,2025-11,1,1,1,1,1
coreweave,2025-12,1,1,1,1,1
coreweave,2026-01,1,1,1,1,1
coreweave,2026-02,1,1,1,1,1
coreweave,2026-03,1,1,1,1,1
coreweave,2026-04,1,1,1,1,1
coreweave,2026-05,1,1,1,1,1
coreweave,2026-06,1,1,1,1,1
coreweave,2026-07,1,1,1,1,1
coreweave,2026-08,1,1,1,1,1
coreweave,2026-09,1,1,1,1,1
paperspace,2023-01,0,0,0,0,0
paperspace,2023-02,0,0,0,0,0
paperspace,2023-03,0,0,0,0,0
paperspace,2023-04,0,0,0,0,0
paperspace,2023-05,1,0,0,0,1
paperspace,2023-06,0,0,0,0,0
paperspace,2023-07,2,0,0,0,2
paperspace,2023-08,0,0,0,0,0
paperspace,2023-09,1,0,0,0,1
paperspace,2023-10,1,0,0,0,1
paperspace,2023-11,1,0,0,0,1
paperspace,2023-12,1,0,0,0,1
paperspace,2024-01,2,2,0,0,1
paperspace,2024-02,3,3,0,0,0
paperspace,2024-03,1,1,0,0,0
paperspace,2024-04,2,2,0,0,0
paperspace,2024-05,2,2,0,0,0
paperspace,2024-06,1,1,0,0,0
paperspace,2024-07,3,3,0,0,0
paperspace,2024-08,3,3,0,0,0
paperspace,2024-09,5,5,0,0,0
paperspace,2024-10,0,0,0,0,0
paperspace,2024-11,1,1,0,0,0
paperspace,2024-12,3,3,0,0,0
paperspace,2025-01,1,1,0,0,0
paperspace,2025-02,1,1,0,0,0
paperspace,2025-03,1,1,0,0,0
paperspace,2025-04,0,0,0,0,0
paperspace,2025-05,0,0,0,0,0
paperspace,2025-06,0,0,0,0,0
paperspace,2025-07,2,2,0,0,0
paperspace,2025-08,3,3,0,0,0
paperspace,2025-09,2,2,0,0,0
paperspace,2025-10,0,0,0,0,0
paperspace,2025-11,0,0,0,0,0
paperspace,2025-12,1,1,0,0,0
paperspace,2026-01,1,1,0,0,0
paperspace,2026-02,1,1,0,0,0
paperspace,2026-03,1,1,0,0,0
paperspace,2026-04,1,1,0,0,0
paperspace,2026-05,1,1,0,0,0
paperspace,2026-06,0,0,0,0,0
paperspace,2026-07,0,0,0,0,0
paperspace,2026-08,1,1,0,0,0
paperspace,2026-09,1,1,0,0,0
fluidstack,2023-01,1,0,0,0,17
fluidstack,2023-02,0,0,0,0,0
fluidstack,2023-03,1,0,0,0,0
fluidstack,2023-04,0,0,0,0,0
fluidstack,2023-05,0,0,0,0,0
fluidstack,2023-06,0,0,0,0,0
fluidstack,2023-07,0,0,0,0,0
fluidstack,2023-08,0,0,0,0,0
fluidstack,2023-09,1,0,0,0,0
fluidstack,2023-10,0,0,0,0,0
fluidstack,2023-11,0,0,0,0,0
fluidstack,2023-12,0,0,0,0,0
fluidstack,2024-01,1,2,0,0,2
fluidstack,2024-02,1,2,0,0,2
fluidstack,2024-03,0,0,0,0,0
fluidstack,2024-04,0,0,0,0,0
fluidstack,2024-05,2,4,0,0,4
fluidstack,2024-06,2,4,0,0,4
fluidstack,2024-07,0,0,0,0,0
fluidstack,2024-08,0,0,0,0,0
fluidstack,2024-09,2,2,0,0,2
fluidstack,2024-10,0,0,0,0,0
fluidstack,2024-11,0,0,0,0,0
fluidstack,2024-12,0,0,0,0,0
fluidstack,2025-01,2,3,0,0,2
fluidstack,2025-02,1,2,0,0,1
fluidstack,2025-03,0,0,0,0,0
fluidstack,2025-04,2,4,0,0,2
fluidstack,2025-05,0,0,0,0,0
fluidstack,2025-06,1,0,0,0,0
fluidstack,2025-07,1,0,0,0,0
fluidstack,2025-08,0,0,0,0,0
fluidstack,2025-09,0,0,0,0,0
fluidstack,2025-10,1,0,0,0,0
fluidstack,2025-11,0,0,0,0,0
fluidstack,2025-12,0,0,0,0,0
fluidstack,2026-01,0,0,0,0,0
fluidstack,2026-02,0,0,0,0,0
fluidstack,2026-03,0,0,0,0,0
fluidstack,2026-04,0,0,0,0,0
fluidstack,2026-05,0,0,0,0,0
fluidstack,2026-06,0,0,0,0,0
fluidstack,2026-07,0,0,0,0,0
fluidstack,2026-08,0,0,0,0,0
fluidstack,2026-09,0,0,0,0,0
datacrunch,2023-01,0,0,0,0,0
datacrunch,2023-02,0,0,0,0,0
datacrunch,2023-03,0,0,0,0,0
datacrunch,2023-04,0,0,0,0,0
datacrunch,2023-05,0,0,0,0,0
datacrunch,2023-06,0,0,0,0,0
datacrunch,2023-07,0,0,0,0,0
datacrunch,2023-08,0,0,0,0,0
datacrunch,2023-09,1,4,0,0,4
datacrunch,2023-10,0,0,0,0,0
datacrunch,2023-11,0,0,0,0,0
datacrunch,2023-12,0,0,0,0,0
datacrunch,2024-01,0,0,0,0,0
datacrunch,2024-02,1,5,0,0,4
datacrunch,2024-03,0,0,0,0,0
datacrunch,2024-04,1,4,0,0,4
datacrunch,2024-05,0,0,0,0,0
datacrunch,2024-06,1,5,0,0,4
datacrunch,2024-07,1,5,0,0,4
datacrunch,2024-08,1,5,0,0,4
datacrunch,2024-09,0,0,0,0,0
datacrunch,2024-10,0,0,0,0,0
datacrunch,2024-11,1,5,4,0,4
datacrunch,2024-12,1,5,4,0,4
datacrunch,2025-01,1,5,4,0,4
datacrunch,2025-02,2,10,8,0,8
datacrunch,2025-03,0,0,0,0,0
datacrunch,2025-04,1,5,4,4,4
datacrunch,2025-05,0,0,0,0,0
datacrunch,2025-06,0,0,0,0,0
datacrunch,2025-07,0,0,0,0,0
datacrunch,2025-08,1,5,4,4,4
datacrunch,2025-09,0,0,0,0,0
datacrunch,2025-10,0,0,0,0,0
datacrunch,2025-11,0,0,0,0,0
datacrunch,2025-12,0,0,0,0,0
datacrunch,2026-01,0,0,0,0,0
datacrunch,2026-02,0,0,0,0,0
datacrunch,2026-03,0,0,0,0,0
datacrunch,2026-04,0,0,0,0,0
datacrunch,2026-05,0,0,0,0,0
datacrunch,2026-06,0,0,0,0,0
datacrunch,2026-07,0,0,0,0,0
datacrunch,2026-08,0,0,0,0,0
datacrunch,2026-09,0,0,0,0,0
hyperstack,2023-01,0,0,0,0,0
hyperstack,2023-02,0,0,0,0,0
hyperstack,2023-03,0,0,0,0,0
hyperstack,2023-04,0,0,0,0,0
hyperstack,2023-05,0,0,0,0,0
hyperstack,2023-06,0,0,0,0,0
hyperstack,2023-07,0,0,0,0,0
hyperstack,2023-08,0,0,0,0,0
hyperstack,2023-09,0,0,0,0,0
hyperstack,2023-10,0,0,0,0,0
hyperstack,2023-11,1,0,0,0,0
hyperstack,2023-12,0,0,0,0,0
hyperstack,2024-01,0,0,0,0,0
hyperstack,2024-02,1,1,0,0,1
hyperstack,2024-03,0,0,0,0,0
hyperstack,2024-04,1,1,0,0,1
hyperstack,2024-05,0,0,0,0,0
hyperstack,2024-06,0,0,0,0,0
hyperstack,2024-07,1,3,0,0,2
hyperstack,2024-08,1,3,0,0,2
hyperstack,2024-09,0,0,0,0,0
hyperstack,2024-10,1,3,0,0,2
hyperstack,2024-11,1,3,0,0,2
hyperstack,2024-12,2,6,0,0,4
hyperstack,2025-01,2,6,0,0,4
hyperstack,2025-02,1,3,0,0,2
hyperstack,2025-03,0,0,0,0,0
hyperstack,2025-04,0,0,0,0,0
hyperstack,2025-05,1,3,0,0,2
hyperstack,2025-06,0,0,0,0,0
hyperstack,2025-07,1,3,1,0,3
hyperstack,2025-08,1,3,1,0,3
hyperstack,2025-09,1,3,1,0,3
hyperstack,2025-10,1,3,1,0,3
hyperstack,2025-11,0,0,0,0,0
hyperstack,2025-12,2,6,2,0,6
hyperstack,2026-01,1,3,1,0,3
hyperstack,2026-02,1,3,1,0,3
hyperstack,2026-03,0,0,0,0,0
hyperstack,2026-04,2,6,2,0,6
hyperstack,2026-05,0,0,0,0,0
hyperstack,2026-06,1,3,1,0,3
hyperstack,2026-07,2,6,2,2,6
hyperstack,2026-08,4,12,4,4,12
hyperstack,2026-09,4,12,4,4,12
nebius,2023-01,0,0,0,0,0
nebius,2023-02,0,0,0,0,0
nebius,2023-03,0,0,0,0,0
nebius,2023-04,0,0,0,0,0
nebius,2023-05,0,0,0,0,0
nebius,2023-06,0,0,0,0,0
nebius,2023-07,0,0,0,0,0
nebius,2023-08,0,0,0,0,0
nebius,2023-09,0,0,0,0,0
nebius,2023-10,0,0,0,0,0
nebius,2023-11,0,0,0,0,0
nebius,2023-12,0,0,0,0,0
nebius,2024-01,0,0,0,0,0
nebius,2024-02,0,0,0,0,0
nebius,2024-03,0,0,0,0,0
nebius,2024-04,0,0,0,0,0
nebius,2024-05,0,0,0,0,0
nebius,2024-06,0,0,0,0,0
nebius,2024-07,0,0,0,0,0
nebius,2024-08,0,0,0,0,0
nebius,2024-09,0,0,0,0,0
nebius,2024-10,0,0,0,0,0
nebius,2024-11,2,4,4,0,0
nebius,2024-12,3,6,6,0,0
nebius,2025-01,2,4,4,0,0
nebius,2025-02,0,0,0,0,0
nebius,2025-03,2,2,2,0,0
nebius,2025-04,0,0,0,0,0
nebius,2025-05,0,0,0,0,0
nebius,2025-06,1,1,1,0,0
nebius,2025-07,1,1,1,1,0
nebius,2025-08,1,1,1,1,0
nebius,2025-09,1,1,1,1,0
nebius,2025-10,1,1,1,1,0
nebius,2025-11,1,1,1,1,0
nebius,2025-12,2,0,0,0,0
nebius,2026-01,0,0,0,0,0
nebius,2026-02,1,1,1,1,0
nebius,2026-03,2,2,2,2,0
nebius,2026-04,1,1,1,1,0
nebius,2026-05,0,0,0,0,0
nebius,2026-06,0,0,0,0,0
nebius,2026-07,2,2,2,2,0
nebius,2026-08,2,2,2,2,0
nebius,2026-09,3,3,3,3,0
digitalocean,2023-01,0,0,0,0,0
digitalocean,2023-02,0,0,0,0,0
digitalocean,2023-03,0,0,0,0,0
digitalocean,2023-04,0,0,0,0,0
digitalocean,2023-05,0,0,0,0,0
digitalocean,2023-06,0,0,0,0,0
digitalocean,2023-07,0,0,0,0,0
digitalocean,2023-08,0,0,0,0,0
digitalocean,2023-09,0,0,0,0,0
digitalocean,2023-10,0,0,0,0,0
digitalocean,2023-11,0,0,0,0,0
digitalocean,2023-12,0,0,0,0,0
digitalocean,2024-01,0,0,0,0,0
digitalocean,2024-02,0,0,0,0,0
digitalocean,2024-03,0,0,0,0,0
digitalocean,2024-04,0,0,0,0,0
digitalocean,2024-05,0,0,0,0,0
digitalocean,2024-06,0,0,0,0,0
digitalocean,2024-07,0,0,0,0,0
digitalocean,2024-08,0,0,0,0,0
digitalocean,2024-09,0,0,0,0,0
digitalocean,2024-10,2,2,0,0,0
digitalocean,2024-11,0,0,0,0,0
digitalocean,2024-12,1,2,0,0,0
digitalocean,2025-01,2,4,0,0,0
digitalocean,2025-02,1,2,0,0,0
digitalocean,2025-03,1,2,0,0,0
digitalocean,2025-04,0,0,0,0,0
digitalocean,2025-05,0,0,0,0,0
digitalocean,2025-06,0,0,0,0,0
digitalocean,2025-07,2,4,0,0,0
digitalocean,2025-08,2,4,2,0,0
digitalocean,2025-09,1,2,2,0,0
digitalocean,2025-10,1,2,2,0,0
digitalocean,2025-11,3,5,5,0,0
digitalocean,2025-12,0,0,0,0,0
digitalocean,2026-01,2,2,2,0,0
digitalocean,2026-02,0,0,0,0,0
digitalocean,2026-03,1,1,1,0,0
digitalocean,2026-04,1,1,1,0,0
digitalocean,2026-05,1,1,1,0,0
digitalocean,2026-06,2,2,2,0,0
digitalocean,2026-07,1,1,1,0,0
digitalocean,2026-08,1,1,1,0,0
digitalocean,2026-09,2,2,2,0,0
crusoe,2023-01,0,0,0,0,0
crusoe,2023-02,0,0,0,0,0
crusoe,2023-03,0,0,0,0,0
crusoe,2023-04,0,0,0,0,0
crusoe,2023-05,1,0,0,0,0
crusoe,2023-06,0,0,0,0,0
crusoe,2023-07,0,0,0,0,0
crusoe,2023-08,0,0,0,0,0
crusoe,2023-09,0,0,0,0,0
crusoe,2023-10,0,0,0,0,0
crusoe,2023-11,0,0,0,0,0
crusoe,2023-12,0,0,0,0,0
crusoe,2024-01,0,0,0,0,0
crusoe,2024-02,0,0,0,0,0
crusoe,2024-03,0,0,0,0,0
crusoe,2024-04,0,0,0,0,0
crusoe,2024-05,1,0,0,0,2
crusoe,2024-06,0,0,0,0,0
crusoe,2024-07,0,0,0,0,0
crusoe,2024-08,0,0,0,0,0
crusoe,2024-09,0,0,0,0,0
crusoe,2024-10,1,0,0,0,2
crusoe,2024-11,0,0,0,0,0
crusoe,2024-12,0,0,0,0,0
crusoe,2025-01,0,0,0,0,0
crusoe,2025-02,0,0,0,0,0
crusoe,2025-03,0,0,0,0,0
crusoe,2025-04,0,0,0,0,0
crusoe,2025-05,2,2,2,0,4
crusoe,2025-06,1,1,1,0,2
crusoe,2025-07,0,0,0,0,0
crusoe,2025-08,0,0,0,0,0
crusoe,2025-09,1,1,1,0,2
crusoe,2025-10,0,0,0,0,0
crusoe,2025-11,0,0,0,0,0
crusoe,2025-12,2,2,2,0,4
crusoe,2026-01,0,0,0,0,0
crusoe,2026-02,1,1,1,0,2
crusoe,2026-03,0,0,0,0,0
crusoe,2026-04,0,0,0,0,0
crusoe,2026-05,0,0,0,0,0
crusoe,2026-06,1,1,1,0,2
crusoe,2026-07,2,2,2,0,4
crusoe,2026-08,3,3,3,0,6
crusoe,2026-09,3,3,3,0,6
voltagepark,2023-01,0,0,0,0,0
voltagepark,2023-02,0,0,0,0,0
voltagepark,2023-03,0,0,0,0,0
voltagepark,2023-04,0,0,0,0,0
voltagepark,2023-05,0,0,0,0,0
voltagepark,2023-06,0,0,0,0,0
voltagepark,2023-07,0,0,0,0,0
voltagepark,2023-08,0,0,0,0,0
voltagepark,2023-09,0,0,0,0,0
voltagepark,2023-10,0,0,0,0,0
voltagepark,2023-11,0,0,0,0,0
voltagepark,2023-12,0,0,0,0,0
voltagepark,2024-01,0,0,0,0,0
voltagepark,2024-02,0,0,0,0,0
voltagepark,2024-03,0,0,0,0,0
voltagepark,2024-04,0,0,0,0,0
voltagepark,2024-05,0,0,0,0,0
voltagepark,2024-06,0,0,0,0,0
voltagepark,2024-07,0,0,0,0,0
voltagepark,2024-08,0,0,0,0,0
voltagepark,2024-09,0,0,0,0,0
voltagepark,2024-10,0,0,0,0,0
voltagepark,2024-11,0,0,0,0,0
voltagepark,2024-12,0,0,0,0,0
voltagepark,2025-01,0,0,0,0,0
voltagepark,2025-02,0,0,0,0,0
voltagepark,2025-03,0,0,0,0,0
voltagepark,2025-04,0,0,0,0,0
voltagepark,2025-05,0,0,0,0,0
voltagepark,2025-06,0,0,0,0,0
voltagepark,2025-07,2,4,0,0,0
voltagepark,2025-08,0,0,0,0,0
voltagepark,2025-09,1,2,0,0,0
voltagepark,2025-10,1,2,0,0,0
voltagepark,2025-11,1,2,0,0,0
voltagepark,2025-12,0,0,0,0,0
voltagepark,2026-01,1,2,0,0,0
voltagepark,2026-02,1,2,0,0,0
voltagepark,2026-03,0,0,0,0,0
voltagepark,2026-04,1,2,0,0,0
voltagepark,2026-05,1,2,0,0,0
voltagepark,2026-06,1,2,0,0,0
voltagepark,2026-07,1,0,0,0,0
voltagepark,2026-08,1,0,0,0,0
voltagepark,2026-09,3,0,0,0,0
