period,index_code,backfill_source,live_provider,backfill_vote,live_median,live_days,ratio_live_to_backfill
2026-08,GIX-A100,crusoe,shadeform:crusoe,2.3064,2.0599,5,0.8931
2026-08,GIX-A100,runpod,runpod,1.5991,1.6989,5,1.0624
2026-08,GIX-B200,runpod,runpod,7.2176,7.7405,5,1.0725
2026-08,GIX-H100,digitalocean,shadeform:digitalocean,4.0572,4.0572,5,1.0000
2026-08,GIX-H100,hyperstack,shadeform:hyperstack,2.6574,3.2000,3,1.2042
2026-08,GIX-H100,runpod,runpod,3.3174,3.2235,5,0.9717
2026-08,GIX-H200,digitalocean,shadeform:digitalocean,4.1124,4.2912,5,1.0435
2026-08,GIX-H200,runpod,runpod,4.8790,4.1686,5,0.8544
2026-09,GIX-A100,crusoe,shadeform:crusoe,2.3064,2.0599,20,0.8931
2026-09,GIX-A100,lambda,shadeform:lambdalabs,2.7900,2.7452,14,0.9839
2026-09,GIX-A100,runpod,runpod,1.7239,1.7969,20,1.0423
2026-09,GIX-B200,lambda,shadeform:lambdalabs,6.5998,6.4308,18,0.9744
2026-09,GIX-B200,runpod,runpod,7.2176,7.7405,20,1.0725
2026-09,GIX-H100,digitalocean,shadeform:digitalocean,4.0572,4.0572,20,1.0000
2026-09,GIX-H100,hyperstack,shadeform:hyperstack,2.6574,3.2000,19,1.2042
2026-09,GIX-H100,lambda,shadeform:lambdalabs,3.9900,4.0097,20,1.0049
2026-09,GIX-H100,paperspace,shadeform:paperspace,5.4740,7.4782,20,1.3661
2026-09,GIX-H100,runpod,runpod,3.4094,3.2235,20,0.9455
2026-09,GIX-H200,digitalocean,shadeform:digitalocean,4.1124,4.2912,20,1.0435
2026-09,GIX-H200,runpod,runpod,4.8790,4.1686,20,0.8544
