granularity,period,index_code,backfill_value,backfill_providers,live_mean,live_days,ratio_live_to_backfill
month,2026-08,GIX-H100,3.7890,8,3.3040,5,0.8720
month,2026-08,GIX-H200,4.1262,6,3.6631,5,0.8878
month,2026-08,GIX-B200,6.5998,5,5.9169,5,0.8965
month,2026-08,GIX-A100,2.3064,5,1.6695,1,0.7239
month,2026-09,GIX-H100,3.7890,8,3.1343,20,0.8272
month,2026-09,GIX-H200,4.1262,6,3.5713,20,0.8655
month,2026-09,GIX-B200,6.5998,5,6.1186,20,0.9271
month,2026-09,GIX-A100,2.3064,5,1.8600,5,0.8065
week,2026-08-24,GIX-H100,3.5880,5,3.3503,4,0.9338
week,2026-08-24,GIX-H200,4.0296,4,3.6345,4,0.9019
week,2026-08-24,GIX-B200,6.5998,3,5.8984,4,0.8937
week,2026-08-24,GIX-A100,1.9528,4,1.6695,1,0.8549
week,2026-08-31,GIX-H100,3.5650,6,3.1195,7,0.8750
week,2026-08-31,GIX-H200,4.1400,5,3.7717,7,0.9110
week,2026-08-31,GIX-B200,6.5998,5,5.8613,7,0.8881
week,2026-08-31,GIX-A100,2.3064,5,1.8841,3,0.8169
week,2026-09-07,GIX-H100,3.4757,4,3.0801,7,0.8862
week,2026-09-07,GIX-H200,4.1400,3,3.5200,7,0.8502
week,2026-09-07,GIX-B200,6.5889,4,6.1822,7,0.9383
week,2026-09-07,GIX-A100,1.7239,3,1.9464,1,1.1291
week,2026-09-14,GIX-H100,3.5650,6,3.1615,4,0.8868
week,2026-09-14,GIX-H200,4.1124,5,3.3832,4,0.8227
week,2026-09-14,GIX-B200,6.5889,4,6.1191,4,0.9287
week,2026-09-14,GIX-A100,2.0152,4,1.7015,1,0.8443
week,2026-09-28,GIX-H100,3.4987,4,3.6652,7,1.0476
week,2026-09-28,GIX-H200,3.9468,3,3.5620,7,0.9025
week,2026-09-28,GIX-B200,6.5998,3,6.2469,7,0.9465
