period,index_code,status,value,provider_count,observation_count,snapshot_count,dispersion,min_provider_value,max_provider_value,providers,withheld_reason,flags,raw_on_demand_median,reserved_raw_median,reserved_providers,spot_raw_median,spot_providers,matched_providers,matched_log_change,methodology_version,label
2023-01,GIX-H100,withheld,,0,0,0,,,,,min_providers: 0 of 3 required,,,,0,,0,0,,1.1.0,"reconstructed from archived public rate cards; list prices, not transactions; not the index"
2023-01,GIX-H200,withheld,,0,0,0,,,,,min_providers: 0 of 3 required,,,,0,,0,0,,1.1.0,"reconstructed from archived public rate cards; list prices, not transactions; not the index"
2023-01,GIX-B200,withheld,,0,0,0,,,,,min_providers: 0 of 3 required,,,,0,,0,0,,1.1.0,"reconstructed from archived public rate cards; list prices, not transactions; not the index"
2023-01,GIX-A100,withheld,,2,18,2,,1.7331,4.3582,fluidstack=4.358;lambda=1.733,min_providers: 2 of 3 required,,4.0850,2.0972,2,,0,0,,1.1.0,"reconstructed from archived public rate cards; list prices, not transactions; not the index"
2023-02,GIX-H100,withheld,,0,0,0,,,,,min_providers: 0 of 3 required,,,,0,,0,0,,1.1.0,"reconstructed from archived public rate cards; list prices, not transactions; not the index"
2023-02,GIX-H200,withheld,,0,0,0,,,,,min_providers: 0 of 3 required,,,,0,,0,0,,1.1.0,"reconstructed from archived public rate cards; list prices, not transactions; not the index"
2023-02,GIX-B200,withheld,,0,0,0,,,,,min_providers: 0 of 3 required,,,,0,,0,0,,1.1.0,"reconstructed from archived public rate cards; list prices, not transactions; not the index"
2023-02,GIX-A100,withheld,,2,3,3,,1.7331,2.6092,lambda=1.733;runpod=2.609,min_providers: 2 of 3 required,,1.5000,1.2644,1,1.3900,1,1,,1.1.0,"reconstructed from archived public rate cards; list prices, not transactions; not the index"
2023-03,GIX-H100,withheld,,0,0,0,,,,,min_providers: 0 of 3 required,,,,0,,0,0,,1.1.0,"reconstructed from archived public rate cards; list prices, not transactions; not the index"
2023-03,GIX-H200,withheld,,0,0,0,,,,,min_providers: 0 of 3 required,,,,0,,0,0,,1.1.0,"reconstructed from archived public rate cards; list prices, not transactions; not the index"
2023-03,GIX-B200,withheld,,0,0,0,,,,,min_providers: 0 of 3 required,,,,0,,0,0,,1.1.0,"reconstructed from archived public rate cards; list prices, not transactions; not the index"
2023-03,GIX-A100,withheld,,1,1,1,,1.7331,1.7331,lambda=1.733,min_providers: 1 of 3 required,,1.5000,2.0972,2,,0,1,,1.1.0,"reconstructed from archived public rate cards; list prices, not transactions; not the index"
2023-04,GIX-H100,withheld,,0,0,0,,,,,min_providers: 0 of 3 required,,,,0,,0,0,,1.1.0,"reconstructed from archived public rate cards; list prices, not transactions; not the index"
2023-04,GIX-H200,withheld,,0,0,0,,,,,min_providers: 0 of 3 required,,,,0,,0,0,,1.1.0,"reconstructed from archived public rate cards; list prices, not transactions; not the index"
2023-04,GIX-B200,withheld,,0,0,0,,,,,min_providers: 0 of 3 required,,,,0,,0,0,,1.1.0,"reconstructed from archived public rate cards; list prices, not transactions; not the index"
2023-04,GIX-A100,withheld,,2,4,3,,1.7331,2.2348,lambda=1.733;runpod=2.235,min_providers: 2 of 3 required,,1.7700,1.2644,1,1.8900,1,1,,1.1.0,"reconstructed from archived public rate cards; list prices, not transactions; not the index"
2023-05,GIX-H100,withheld,,1,1,1,,2.9963,2.9963,lambda=2.996,min_providers: 1 of 3 required,,2.4000,,0,,0,0,,1.1.0,"reconstructed from archived public rate cards; list prices, not transactions; not the index"
2023-05,GIX-H200,withheld,,0,0,0,,,,,min_providers: 0 of 3 required,,,,0,,0,0,,1.1.0,"reconstructed from archived public rate cards; list prices, not transactions; not the index"
2023-05,GIX-B200,withheld,,0,0,0,,,,,min_providers: 0 of 3 required,,,,0,,0,0,,1.1.0,"reconstructed from archived public rate cards; list prices, not transactions; not the index"
2023-05,GIX-A100,withheld,,2,3,3,,1.7331,3.2846,lambda=1.733;paperspace=3.285,min_providers: 2 of 3 required,,1.5000,1.2644,1,,0,1,,1.1.0,"reconstructed from archived public rate cards; list prices, not transactions; not the index"
2023-06,GIX-H100,withheld,,0,0,0,,,,,min_providers: 0 of 3 required,,,,0,,0,0,,1.1.0,"reconstructed from archived public rate cards; list prices, not transactions; not the index"
2023-06,GIX-H200,withheld,,0,0,0,,,,,min_providers: 0 of 3 required,,,,0,,0,0,,1.1.0,"reconstructed from archived public rate cards; list prices, not transactions; not the index"
2023-06,GIX-B200,withheld,,0,0,0,,,,,min_providers: 0 of 3 required,,,,0,,0,0,,1.1.0,"reconstructed from archived public rate cards; list prices, not transactions; not the index"
2023-06,GIX-A100,withheld,,0,0,0,,,,,min_providers: 0 of 3 required,,,,0,,0,0,,1.1.0,"reconstructed from archived public rate cards; list prices, not transactions; not the index"
2023-07,GIX-H100,withheld,,1,2,2,,2.4844,2.4844,lambda=2.484,min_providers: 1 of 3 required,,1.9900,3.3700,1,,0,0,,1.1.0,"reconstructed from archived public rate cards; list prices, not transactions; not the index"
2023-07,GIX-H200,withheld,,0,0,0,,,,,min_providers: 0 of 3 required,,,,0,,0,0,,1.1.0,"reconstructed from archived public rate cards; list prices, not transactions; not the index"
2023-07,GIX-B200,withheld,,0,0,0,,,,,min_providers: 0 of 3 required,,,,0,,0,0,,1.1.0,"reconstructed from archived public rate cards; list prices, not transactions; not the index"
2023-07,GIX-A100,withheld,,2,4,4,,1.7331,3.2846,lambda=1.733;paperspace=3.285,min_providers: 2 of 3 required,,2.2950,1.2644,1,,0,0,,1.1.0,"reconstructed from archived public rate cards; list prices, not transactions; not the index"
2023-08,GIX-H100,withheld,,2,6,3,,2.5372,4.7433,lambda=2.537;runpod=4.743,min_providers: 2 of 3 required,,2.5900,3.3700,1,3.2400,1,1,,1.1.0,"reconstructed from archived public rate cards; list prices, not transactions; not the index"
2023-08,GIX-H200,withheld,,0,0,0,,,,,min_providers: 0 of 3 required,,,,0,,0,0,,1.1.0,"reconstructed from archived public rate cards; list prices, not transactions; not the index"
2023-08,GIX-B200,withheld,,0,0,0,,,,,min_providers: 0 of 3 required,,,,0,,0,0,,1.1.0,"reconstructed from archived public rate cards; list prices, not transactions; not the index"
2023-08,GIX-A100,withheld,,2,4,3,,1.7331,1.9638,lambda=1.733;runpod=1.964,min_providers: 2 of 3 required,,1.6450,,0,0.8900,1,1,,1.1.0,"reconstructed from archived public rate cards; list prices, not transactions; not the index"
2023-09,GIX-H100,published,3.3775,3,10,4,0.3689,2.5372,4.7433,datacrunch=3.377;lambda=2.537;runpod=4.743,,,3.5000,2.8584,2,3.2400,1,2,,1.1.0,"reconstructed from archived public rate cards; list prices, not transactions; not the index"
2023-09,GIX-H200,withheld,,0,0,0,,,,,min_providers: 0 of 3 required,,,,0,,0,0,,1.1.0,"reconstructed from archived public rate cards; list prices, not transactions; not the index"
2023-09,GIX-B200,withheld,,0,0,0,,,,,min_providers: 0 of 3 required,,,,0,,0,0,,1.1.0,"reconstructed from archived public rate cards; list prices, not transactions; not the index"
2023-09,GIX-A100,published,2.1863,4,9,5,0.1751,1.7331,3.2846,datacrunch=2.123;lambda=1.733;paperspace=3.285;runpod=2.250,,,2.2000,1.3750,1,0.8900,1,2,,1.1.0,"reconstructed from archived public rate cards; list prices, not transactions; not the index"
2023-10,GIX-H100,withheld,,2,8,4,,2.5372,4.7433,lambda=2.537;runpod=4.743,min_providers: 2 of 3 required,,2.5900,3.3700,1,3.2400,1,2,,1.1.0,"reconstructed from archived public rate cards; list prices, not transactions; not the index"
2023-10,GIX-H200,withheld,,0,0,0,,,,,min_providers: 0 of 3 required,,,,0,,0,0,,1.1.0,"reconstructed from archived public rate cards; list prices, not transactions; not the index"
2023-10,GIX-B200,withheld,,0,0,0,,,,,min_providers: 0 of 3 required,,,,0,,0,0,,1.1.0,"reconstructed from archived public rate cards; list prices, not transactions; not the index"
2023-10,GIX-A100,published,2.2496,3,6,5,0.3404,1.7331,3.2846,lambda=1.733;paperspace=3.285;runpod=2.250,,,1.7450,,0,0.8900,1,3,0.000000,1.1.0,"reconstructed from archived public rate cards; list prices, not transactions; not the index"
2023-11,GIX-H100,withheld,,2,10,5,,2.5372,4.9601,lambda=2.537;runpod=4.960,min_providers: 2 of 3 required,,2.5900,3.3700,1,3.0900,1,2,,1.1.0,"reconstructed from archived public rate cards; list prices, not transactions; not the index"
2023-11,GIX-H200,withheld,,0,0,0,,,,,min_providers: 0 of 3 required,,,,0,,0,0,,1.1.0,"reconstructed from archived public rate cards; list prices, not transactions; not the index"
2023-11,GIX-B200,withheld,,0,0,0,,,,,min_providers: 0 of 3 required,,,,0,,0,0,,1.1.0,"reconstructed from archived public rate cards; list prices, not transactions; not the index"
2023-11,GIX-A100,published,2.2956,3,8,6,0.3633,1.7331,3.2846,lambda=1.733;paperspace=3.285;runpod=2.296,,,1.9900,,0,1.2900,1,3,0.000000,1.1.0,"reconstructed from archived public rate cards; list prices, not transactions; not the index"
2023-12,GIX-H100,withheld,,2,6,3,,2.5372,4.9601,lambda=2.537;runpod=4.960,min_providers: 2 of 3 required,,2.5900,1.8900,1,3.0900,1,2,,1.1.0,"reconstructed from archived public rate cards; list prices, not transactions; not the index"
2023-12,GIX-H200,withheld,,0,0,0,,,,,min_providers: 0 of 3 required,,,,0,,0,0,,1.1.0,"reconstructed from archived public rate cards; list prices, not transactions; not the index"
2023-12,GIX-B200,withheld,,0,0,0,,,,,min_providers: 0 of 3 required,,,,0,,0,0,,1.1.0,"reconstructed from archived public rate cards; list prices, not transactions; not the index"
2023-12,GIX-A100,published,2.2956,3,5,4,0.5138,1.5000,3.2846,lambda=1.500;paperspace=3.285;runpod=2.296,,dispersion 0.514 above the live ceiling 0.45,1.9900,,0,1.2900,1,3,0.000000,1.1.0,"reconstructed from archived public rate cards; list prices, not transactions; not the index"
2024-01,GIX-H100,published,4.7765,4,12,7,0.3370,2.5372,6.8816,fluidstack=4.843;lambda=2.537;paperspace=6.882;runpod=4.710,,,4.5900,2.2400,3,2.9400,1,2,,1.1.0,"reconstructed from archived public rate cards; list prices, not transactions; not the index"
2024-01,GIX-H200,withheld,,0,0,0,,,,,min_providers: 0 of 3 required,,,,0,,0,0,,1.1.0,"reconstructed from archived public rate cards; list prices, not transactions; not the index"
2024-01,GIX-B200,withheld,,0,0,0,,,,,min_providers: 0 of 3 required,,,,0,,0,0,,1.1.0,"reconstructed from archived public rate cards; list prices, not transactions; not the index"
2024-01,GIX-A100,published,2.3354,4,10,6,0.2976,1.5000,3.3802,fluidstack=2.438;lambda=1.500;paperspace=3.380;runpod=2.233,,,2.1700,1.2450,2,1.2400,1,3,0.000000,1.1.0,"reconstructed from archived public rate cards; list prices, not transactions; not the index"
2024-02,GIX-H100,published,4.8425,5,13,7,0.1610,3.2993,5.4740,datacrunch=4.484;fluidstack=4.843;hyperstack=5.368;lambda=3.299;paperspace=5.474,,,4.5750,2.5650,4,,0,3,0.000000,1.1.0,"reconstructed from archived public rate cards; list prices, not transactions; not the index"
2024-02,GIX-H200,withheld,,0,0,0,,,,,min_providers: 0 of 3 required,,,,0,,0,0,,1.1.0,"reconstructed from archived public rate cards; list prices, not transactions; not the index"
2024-02,GIX-B200,withheld,,0,0,0,,,,,min_providers: 0 of 3 required,,,,0,,0,0,,1.1.0,"reconstructed from archived public rate cards; list prices, not transactions; not the index"
2024-02,GIX-A100,published,2.3479,4,8,4,0.2045,1.7900,3.4332,datacrunch=2.258;fluidstack=2.438;hyperstack=3.433;lambda=1.790,,,2.3400,1.3400,3,,0,2,,1.1.0,"reconstructed from archived public rate cards; list prices, not transactions; not the index"
2024-03,GIX-H100,published,4.5856,3,11,6,0.2872,3.2993,5.4740,lambda=3.299;paperspace=5.474;runpod=4.586,,,3.4900,2.0650,2,2.9400,1,2,,1.1.0,"reconstructed from archived public rate cards; list prices, not transactions; not the index"
2024-03,GIX-H200,withheld,,0,0,0,,,,,min_providers: 0 of 3 required,,,,0,,0,0,,1.1.0,"reconstructed from archived public rate cards; list prices, not transactions; not the index"
2024-03,GIX-B200,withheld,,0,0,0,,,,,min_providers: 0 of 3 required,,,,0,,0,0,,1.1.0,"reconstructed from archived public rate cards; list prices, not transactions; not the index"
2024-03,GIX-A100,withheld,,2,7,5,,1.7900,2.2332,lambda=1.790;runpod=2.233,min_providers: 2 of 3 required,,1.8900,1.1500,1,1.0000,1,1,,1.1.0,"reconstructed from archived public rate cards; list prices, not transactions; not the index"
2024-04,GIX-H100,published,4.5856,5,17,9,0.2872,3.2993,5.4740,datacrunch=3.678;hyperstack=5.368;lambda=3.299;paperspace=5.474;runpod=4.586,,,3.8125,2.2400,3,2.9400,1,3,0.000000,1.1.0,"reconstructed from archived public rate cards; list prices, not transactions; not the index"
2024-04,GIX-H200,withheld,,0,0,0,,,,,min_providers: 0 of 3 required,,,,0,,0,0,,1.1.0,"reconstructed from archived public rate cards; list prices, not transactions; not the index"
2024-04,GIX-B200,withheld,,0,0,0,,,,,min_providers: 0 of 3 required,,,,0,,0,0,,1.1.0,"reconstructed from archived public rate cards; list prices, not transactions; not the index"
2024-04,GIX-A100,published,2.0575,4,12,7,0.1597,1.7900,3.4332,datacrunch=1.882;hyperstack=3.433;lambda=1.790;runpod=2.233,,,1.9500,1.1887,2,1.2400,1,2,,1.1.0,"reconstructed from archived public rate cards; list prices, not transactions; not the index"
2024-05,GIX-H100,published,4.3257,4,16,9,0.2204,3.2993,5.4740,fluidstack=4.066;lambda=3.299;paperspace=5.474;runpod=4.586,,,3.7500,2.2400,3,2.9400,1,3,0.000000,1.1.0,"reconstructed from archived public rate cards; list prices, not transactions; not the index"
2024-05,GIX-H200,withheld,,0,0,0,,,,,min_providers: 0 of 3 required,,,,0,,0,0,,1.1.0,"reconstructed from archived public rate cards; list prices, not transactions; not the index"
2024-05,GIX-B200,withheld,,0,0,0,,,,,min_providers: 0 of 3 required,,,,0,,0,0,,1.1.0,"reconstructed from archived public rate cards; list prices, not transactions; not the index"
2024-05,GIX-A100,published,1.9172,4,13,8,0.0530,1.7900,2.2332,crusoe=1.927;fluidstack=1.907;lambda=1.790;runpod=2.233,,,1.7900,1.2400,3,1.2400,1,2,,1.1.0,"reconstructed from archived public rate cards; list prices, not transactions; not the index"
2024-06,GIX-H100,published,4.2633,4,14,6,0.2355,3.1066,5.4740,datacrunch=3.107;fluidstack=4.066;paperspace=5.474;runpod=4.461,,,3.7500,2.4000,3,2.8400,1,3,0.000000,1.1.0,"reconstructed from archived public rate cards; list prices, not transactions; not the index"
2024-06,GIX-H200,withheld,,0,0,0,,,,,min_providers: 0 of 3 required,,,,0,,0,0,,1.1.0,"reconstructed from archived public rate cards; list prices, not transactions; not the index"
2024-06,GIX-B200,withheld,,0,0,0,,,,,min_providers: 0 of 3 required,,,,0,,0,0,,1.1.0,"reconstructed from archived public rate cards; list prices, not transactions; not the index"
2024-06,GIX-A100,published,1.9074,3,12,5,0.1700,1.6887,2.2332,datacrunch=1.689;fluidstack=1.907;runpod=2.233,,,1.7500,1.2750,3,1.1900,1,2,,1.1.0,"reconstructed from archived public rate cards; list prices, not transactions; not the index"
2024-07,GIX-H100,published,3.8430,5,21,10,0.2098,3.1066,5.4740,datacrunch=3.107;hyperstack=3.843;lambda=3.299;paperspace=5.474;runpod=3.889,,,3.4400,2.1800,4,1.8500,1,3,0.000000,1.1.0,"reconstructed from archived public rate cards; list prices, not transactions; not the index"
2024-07,GIX-H200,withheld,,0,0,0,,,,,min_providers: 0 of 3 required,,,,0,,0,0,,1.1.0,"reconstructed from archived public rate cards; list prices, not transactions; not the index"
2024-07,GIX-B200,withheld,,0,0,0,,,,,min_providers: 0 of 3 required,,,,0,,0,0,,1.1.0,"reconstructed from archived public rate cards; list prices, not transactions; not the index"
2024-07,GIX-A100,published,1.8687,4,13,7,0.1026,1.6887,2.6217,datacrunch=1.689;hyperstack=2.622;lambda=1.790;runpod=1.947,,,1.7900,1.2750,3,0.9300,1,2,,1.1.0,"reconstructed from archived public rate cards; list prices, not transactions; not the index"
2024-08,GIX-H100,published,3.8430,5,19,9,0.2841,3.0493,5.4740,datacrunch=3.107;hyperstack=3.843;lambda=3.049;paperspace=5.474;runpod=3.889,,,3.2900,2.1800,4,1.8500,1,5,0.000000,1.1.0,"reconstructed from archived public rate cards; list prices, not transactions; not the index"
2024-08,GIX-H200,withheld,,0,0,0,,,,,min_providers: 0 of 3 required,,,,0,,0,0,,1.1.0,"reconstructed from archived public rate cards; list prices, not transactions; not the index"
2024-08,GIX-B200,withheld,,0,0,0,,,,,min_providers: 0 of 3 required,,,,0,,0,0,,1.1.0,"reconstructed from archived public rate cards; list prices, not transactions; not the index"
2024-08,GIX-A100,published,1.8687,4,12,6,0.1026,1.6887,2.6217,datacrunch=1.689;hyperstack=2.622;lambda=1.790;runpod=1.947,,,1.7700,1.2750,3,0.9300,1,4,0.000000,1.1.0,"reconstructed from archived public rate cards; list prices, not transactions; not the index"
2024-09,GIX-H100,published,3.5087,4,17,12,0.1180,3.0493,5.4740,fluidstack=3.608;lambda=3.049;paperspace=5.474;runpod=3.409,,,2.9900,2.0500,3,1.6500,1,3,0.000000,1.1.0,"reconstructed from archived public rate cards; list prices, not transactions; not the index"
2024-09,GIX-H200,withheld,,0,0,0,,,,,min_providers: 0 of 3 required,,,,0,,0,0,,1.1.0,"reconstructed from archived public rate cards; list prices, not transactions; not the index"
2024-09,GIX-B200,withheld,,0,0,0,,,,,min_providers: 0 of 3 required,,,,0,,0,0,,1.1.0,"reconstructed from archived public rate cards; list prices, not transactions; not the index"
2024-09,GIX-A100,published,1.8931,3,9,7,0.0808,1.7900,2.2160,fluidstack=2.216;lambda=1.790;runpod=1.893,,,1.7900,1.1375,2,0.9200,1,2,,1.1.0,"reconstructed from archived public rate cards; list prices, not transactions; not the index"
2024-10,GIX-H100,published,3.0414,4,12,4,0.1221,2.3720,3.5291,digitalocean=3.529;hyperstack=2.372;lambda=3.028;runpod=3.055,,,2.9900,1.8900,3,1.6500,1,2,,1.1.0,"reconstructed from archived public rate cards; list prices, not transactions; not the index"
2024-10,GIX-H200,withheld,,0,0,0,,,,,min_providers: 0 of 3 required,,,,0,,0,0,,1.1.0,"reconstructed from archived public rate cards; list prices, not transactions; not the index"
2024-10,GIX-B200,withheld,,0,0,0,,,,,min_providers: 0 of 3 required,,,,0,,0,0,,1.1.0,"reconstructed from archived public rate cards; list prices, not transactions; not the index"
2024-10,GIX-A100,published,1.8416,4,7,4,0.0551,1.6026,1.9270,crusoe=1.927;hyperstack=1.603;lambda=1.790;runpod=1.893,,,1.6500,1.1025,2,0.9200,1,2,,1.1.0,"reconstructed from archived public rate cards; list prices, not transactions; not the index"
2024-11,GIX-H100,published,2.9301,6,36,12,0.1359,2.3720,5.4740,datacrunch=2.517;hyperstack=2.372;lambda=3.028;nebius=2.832;paperspace=5.474;runpod=3.055,,,2.9700,2.1200,4,1.6500,1,3,0.000000,1.1.0,"reconstructed from archived public rate cards; list prices, not transactions; not the index"
2024-11,GIX-H200,published,3.4643,3,12,7,0.0447,3.3600,3.6708,datacrunch=3.464;nebius=3.360;runpod=3.671,,,3.5900,2.6844,2,0.5000,1,0,,1.1.0,"reconstructed from archived public rate cards; list prices, not transactions; not the index"
2024-11,GIX-B200,withheld,,0,0,0,,,,,min_providers: 0 of 3 required,,,,0,,0,0,,1.1.0,"reconstructed from archived public rate cards; list prices, not transactions; not the index"
2024-11,GIX-A100,published,1.6963,4,17,9,0.0864,1.5922,1.8931,datacrunch=1.592;hyperstack=1.603;lambda=1.790;runpod=1.893,,,1.6500,1.1500,3,0.9200,1,3,0.000000,1.1.0,"reconstructed from archived public rate cards; list prices, not transactions; not the index"
2024-12,GIX-H100,published,3.0282,7,38,15,0.2452,2.3720,5.4740,datacrunch=2.517;digitalocean=3.529;hyperstack=2.372;lambda=3.028;nebius=2.832;paperspace=5.474;runpod=3.055,,,2.9500,2.2400,5,1.6500,1,6,0.000000,1.1.0,"reconstructed from archived public rate cards; list prices, not transactions; not the index"
2024-12,GIX-H200,published,3.3600,3,13,7,0.1371,2.9239,3.6708,datacrunch=2.924;nebius=3.360;runpod=3.671,,,3.5000,2.4453,2,0.5000,1,3,0.000000,1.1.0,"reconstructed from archived public rate cards; list prices, not transactions; not the index"
2024-12,GIX-B200,withheld,,0,0,0,,,,,min_providers: 0 of 3 required,,,,0,,0,0,,1.1.0,"reconstructed from archived public rate cards; list prices, not transactions; not the index"
2024-12,GIX-A100,published,1.6963,4,16,8,0.0864,1.5922,1.8931,datacrunch=1.592;hyperstack=1.603;lambda=1.790;runpod=1.893,,,1.6500,1.1500,3,0.9200,1,4,0.000000,1.1.0,"reconstructed from archived public rate cards; list prices, not transactions; not the index"
2025-01,GIX-H100,published,3.0282,9,48,17,0.2500,2.3720,6.1550,coreweave=6.155;datacrunch=2.517;digitalocean=3.529;fluidstack=3.608;hyperstack=2.372;lambda=3.028;nebius=2.832;paperspace=5.474;runpod=2.867,,,2.9900,2.1450,6,1.6500,1,7,0.000000,1.1.0,"reconstructed from archived public rate cards; list prices, not transactions; not the index"
2025-01,GIX-H200,published,3.6303,4,11,6,0.0635,3.3600,6.3050,coreweave=6.305;datacrunch=3.590;nebius=3.360;runpod=3.671,,,3.7200,2.4500,3,0.5000,1,3,0.000000,1.1.0,"reconstructed from archived public rate cards; list prices, not transactions; not the index"
2025-01,GIX-B200,withheld,,0,0,0,,,,,min_providers: 0 of 3 required,,,,0,,0,0,,1.1.0,"reconstructed from archived public rate cards; list prices, not transactions; not the index"
2025-01,GIX-A100,published,1.7900,5,18,11,0.0854,1.6026,2.2472,datacrunch=1.689;fluidstack=2.247;hyperstack=1.603;lambda=1.790;runpod=1.893,,,1.7500,1.1375,4,0.9200,1,4,0.000000,1.1.0,"reconstructed from archived public rate cards; list prices, not transactions; not the index"
2025-02,GIX-H100,published,3.1498,8,33,11,0.2723,2.0805,6.1550,coreweave=6.155;datacrunch=2.080;digitalocean=3.529;fluidstack=3.271;hyperstack=2.372;lambda=3.028;paperspace=5.474;runpod=2.867,,,2.8900,2.0563,4,1.6500,1,8,0.000000,1.1.0,"reconstructed from archived public rate cards; list prices, not transactions; not the index"
2025-02,GIX-H200,published,3.6708,3,11,5,0.0327,3.5898,6.3050,coreweave=6.305;datacrunch=3.590;runpod=3.671,,,3.7200,3.1800,1,0.5000,1,3,0.000000,1.1.0,"reconstructed from archived public rate cards; list prices, not transactions; not the index"
2025-02,GIX-B200,withheld,,0,0,0,,,,,min_providers: 0 of 3 required,,,,0,,0,0,,1.1.0,"reconstructed from archived public rate cards; list prices, not transactions; not the index"
2025-02,GIX-A100,published,1.7900,5,17,8,0.0854,1.6026,2.2472,datacrunch=1.689;fluidstack=2.247;hyperstack=1.603;lambda=1.790;runpod=1.893,,,1.7500,1.1500,3,0.9200,1,5,0.000000,1.1.0,"reconstructed from archived public rate cards; list prices, not transactions; not the index"
2025-03,GIX-H100,published,3.3324,6,18,8,0.1711,2.8673,6.1550,coreweave=6.155;digitalocean=3.529;lambda=3.028;nebius=3.136;paperspace=5.474;runpod=2.867,,,3.0400,2.3700,2,1.6500,1,5,0.000000,1.1.0,"reconstructed from archived public rate cards; list prices, not transactions; not the index"
2025-03,GIX-H200,published,3.7204,3,4,4,0.0198,3.6708,6.3050,coreweave=6.305;nebius=3.720;runpod=3.671,,,3.7450,,0,0.5000,1,2,,1.1.0,"reconstructed from archived public rate cards; list prices, not transactions; not the index"
2025-03,GIX-B200,withheld,,0,0,0,,,,,min_providers: 0 of 3 required,,,,0,,0,0,,1.1.0,"reconstructed from archived public rate cards; list prices, not transactions; not the index"
2025-03,GIX-A100,withheld,,2,4,3,,1.7900,1.8931,lambda=1.790;runpod=1.893,min_providers: 2 of 3 required,,1.7900,1.1500,1,0.9200,1,2,,1.1.0,"reconstructed from archived public rate cards; list prices, not transactions; not the index"
2025-04,GIX-H100,published,3.0282,5,24,8,0.1191,2.0805,6.1550,coreweave=6.155;datacrunch=2.080;fluidstack=3.271;lambda=3.028;runpod=2.867,,,2.9900,1.8725,1,1.6500,1,3,0.000000,1.1.0,"reconstructed from archived public rate cards; list prices, not transactions; not the index"
2025-04,GIX-H200,published,3.6708,3,7,4,0.1964,3.1845,6.3050,coreweave=6.305;datacrunch=3.184;runpod=3.671,,,3.3000,2.8213,1,3.5900,1,2,,1.1.0,"reconstructed from archived public rate cards; list prices, not transactions; not the index"
2025-04,GIX-B200,withheld,,2,6,3,,4.3329,8.4931,datacrunch=4.333;runpod=8.493,min_providers: 2 of 3 required,,4.4900,3.8400,1,0.5000,1,0,,1.1.0,"reconstructed from archived public rate cards; list prices, not transactions; not the index"
2025-04,GIX-A100,published,1.8416,4,12,7,0.0823,1.6887,2.2472,datacrunch=1.689;fluidstack=2.247;lambda=1.790;runpod=1.893,,,1.7700,1.3125,1,0.9200,1,2,,1.1.0,"reconstructed from archived public rate cards; list prices, not transactions; not the index"
2025-05,GIX-H100,published,3.2276,4,10,6,0.3169,2.2080,6.1550,coreweave=6.155;crusoe=3.588;hyperstack=2.208;runpod=2.867,,,2.6950,2.1500,2,1.6500,1,2,,1.1.0,"reconstructed from archived public rate cards; list prices, not transactions; not the index"
2025-05,GIX-H200,published,3.9468,3,5,5,0.1037,3.6708,6.3050,coreweave=6.305;crusoe=3.947;runpod=3.671,,,4.2900,3.2200,1,3.5900,1,2,,1.1.0,"reconstructed from archived public rate cards; list prices, not transactions; not the index"
2025-05,GIX-B200,withheld,,1,2,2,,7.6427,7.6427,runpod=7.643,min_providers: 1 of 3 required,,7.1900,,0,0.5000,1,1,,1.1.0,"reconstructed from archived public rate cards; list prices, not transactions; not the index"
2025-05,GIX-A100,published,1.9100,4,11,6,0.1259,1.6026,3.1196,coreweave=3.120;crusoe=1.927;hyperstack=1.603;runpod=1.893,,,1.6500,1.1025,2,0.9200,1,1,,1.1.0,"reconstructed from archived public rate cards; list prices, not transactions; not the index"
2025-06,GIX-H100,published,3.1358,5,17,7,0.1820,2.7508,6.1550,coreweave=6.155;crusoe=3.588;lambda=3.028;nebius=3.136;runpod=2.751,,,2.9900,2.5150,2,1.8700,1,3,0.000000,1.1.0,"reconstructed from archived public rate cards; list prices, not transactions; not the index"
2025-06,GIX-H200,published,3.8336,4,5,5,0.0534,3.6708,6.3050,coreweave=6.305;crusoe=3.947;nebius=3.720;runpod=3.671,,,3.9900,2.7600,2,3.5900,1,3,0.000000,1.1.0,"reconstructed from archived public rate cards; list prices, not transactions; not the index"
2025-06,GIX-B200,withheld,,2,3,3,,6.7924,9.9364,coreweave=9.936;runpod=6.792,min_providers: 2 of 3 required,,6.3900,,0,0.5000,1,1,,1.1.0,"reconstructed from archived public rate cards; list prices, not transactions; not the index"
2025-06,GIX-A100,published,1.9100,4,9,6,0.0532,1.7900,3.1196,coreweave=3.120;crusoe=1.927;lambda=1.790;runpod=1.893,,,1.7900,1.2700,2,1.0700,1,3,0.000000,1.1.0,"reconstructed from archived public rate cards; list prices, not transactions; not the index"
2025-07,GIX-H100,published,2.8853,8,38,16,0.3234,2.0196,6.1550,coreweave=6.155;digitalocean=3.529;hyperstack=2.020;lambda=3.028;nebius=2.714;paperspace=5.474;runpod=2.742;voltagepark=2.270,,,2.9900,2.0450,4,2.5900,1,4,-0.001522,1.1.0,"reconstructed from archived public rate cards; list prices, not transactions; not the index"
2025-07,GIX-H200,published,3.7306,4,7,7,0.2029,3.2200,6.3050,coreweave=6.305;hyperstack=3.220;nebius=3.220;runpod=4.241,,,3.9900,2.3750,2,3.5900,1,3,0.000000,1.1.0,"reconstructed from archived public rate cards; list prices, not transactions; not the index"
2025-07,GIX-B200,published,6.3672,3,6,6,0.3044,5.0600,9.9364,coreweave=9.936;nebius=5.060;runpod=6.367,,,5.9900,,0,,0,2,,1.1.0,"reconstructed from archived public rate cards; list prices, not transactions; not the index"
2025-07,GIX-A100,published,1.8071,4,15,9,0.1596,1.4350,3.1196,coreweave=3.120;hyperstack=1.435;lambda=1.790;runpod=1.824,,,1.7400,1.1500,3,1.1850,2,3,0.000000,1.1.0,"reconstructed from archived public rate cards; list prices, not transactions; not the index"
2025-08,GIX-H100,published,2.8787,8,36,14,0.3887,1.6862,6.1550,coreweave=6.155;datacrunch=1.686;digitalocean=3.529;hyperstack=2.020;lambda=3.028;nebius=2.714;paperspace=5.474;runpod=2.729,,,2.9900,1.9900,3,1.5200,3,7,0.000000,1.1.0,"reconstructed from archived public rate cards; list prices, not transactions; not the index"
2025-08,GIX-H200,published,3.5178,6,11,7,0.1704,1.9252,6.3050,coreweave=6.305;datacrunch=1.925;digitalocean=3.816;hyperstack=3.220;nebius=3.220;runpod=4.029,,,3.4400,2.4500,1,2.2484,2,4,0.000000,1.1.0,"reconstructed from archived public rate cards; list prices, not transactions; not the index"
2025-08,GIX-B200,published,5.0600,5,9,6,0.3830,3.5090,9.9364,coreweave=9.936;datacrunch=3.509;lambda=4.990;nebius=5.060;runpod=6.367,,,4.9900,,0,0.8031,1,3,0.000000,1.1.0,"reconstructed from archived public rate cards; list prices, not transactions; not the index"
2025-08,GIX-A100,published,1.7900,5,15,8,0.2940,1.0760,3.1196,coreweave=3.120;datacrunch=1.076;hyperstack=1.435;lambda=1.790;runpod=1.824,,,1.6400,1.0650,2,1.0800,3,4,0.000000,1.1.0,"reconstructed from archived public rate cards; list prices, not transactions; not the index"
2025-09,GIX-H100,published,3.0282,9,31,13,0.2741,2.0196,6.1550,coreweave=6.155;crusoe=3.588;digitalocean=3.529;hyperstack=2.020;lambda=3.028;nebius=2.714;paperspace=5.474;runpod=2.579;voltagepark=2.270,,,2.9900,2.1150,4,2.0550,2,7,0.000000,1.1.0,"reconstructed from archived public rate cards; list prices, not transactions; not the index"
2025-09,GIX-H200,published,3.8812,6,8,7,0.1545,3.2200,6.3050,coreweave=6.305;crusoe=3.947;digitalocean=3.816;hyperstack=3.220;nebius=3.220;runpod=4.029,,,3.6450,2.8350,2,3.5900,1,5,0.000000,1.1.0,"reconstructed from archived public rate cards; list prices, not transactions; not the index"
2025-09,GIX-B200,published,5.7136,4,7,7,0.1787,4.9900,9.9364,coreweave=9.936;lambda=4.990;nebius=5.060;runpod=6.367,,,5.5000,,0,5.9800,1,4,0.000000,1.1.0,"reconstructed from archived public rate cards; list prices, not transactions; not the index"
2025-09,GIX-A100,published,1.8241,5,13,8,0.0836,1.4350,3.1196,coreweave=3.120;crusoe=1.927;hyperstack=1.435;lambda=1.790;runpod=1.824,,,1.7400,1.1500,3,1.1850,2,4,0.000000,1.1.0,"reconstructed from archived public rate cards; list prices, not transactions; not the index"
2025-10,GIX-H100,published,2.7293,7,33,11,0.2494,2.0196,6.1550,coreweave=6.155;digitalocean=3.529;hyperstack=2.020;lambda=3.028;nebius=2.714;runpod=2.729;voltagepark=2.270,,,2.9900,1.9900,3,2.0550,2,7,0.000000,1.1.0,"reconstructed from archived public rate cards; list prices, not transactions; not the index"
2025-10,GIX-H200,published,3.8156,5,7,6,0.2314,3.2200,6.3050,coreweave=6.305;digitalocean=3.816;hyperstack=3.220;nebius=3.220;runpod=3.816,,,3.5000,2.3750,2,3.5900,1,5,0.000000,1.1.0,"reconstructed from archived public rate cards; list prices, not transactions; not the index"
2025-10,GIX-B200,published,5.5541,4,8,8,0.1412,4.9900,9.9364,coreweave=9.936;lambda=4.990;nebius=5.060;runpod=6.048,,,5.2450,,0,5.9800,1,4,0.000000,1.1.0,"reconstructed from archived public rate cards; list prices, not transactions; not the index"
2025-10,GIX-A100,published,1.8071,4,12,8,0.1596,1.4350,3.1196,coreweave=3.120;hyperstack=1.435;lambda=1.790;runpod=1.824,,,1.7400,1.1400,2,1.1850,2,4,0.000000,1.1.0,"reconstructed from archived public rate cards; list prices, not transactions; not the index"
2025-11,GIX-H100,published,2.8787,6,25,11,0.1907,2.2702,6.1550,coreweave=6.155;digitalocean=3.455;lambda=3.028;nebius=2.714;runpod=2.729;voltagepark=2.270,,,2.9900,1.9900,1,2.5900,1,6,0.000000,1.1.0,"reconstructed from archived public rate cards; list prices, not transactions; not the index"
2025-11,GIX-H200,published,3.7363,4,10,8,0.1183,3.2200,6.3050,coreweave=6.305;digitalocean=3.657;nebius=3.220;runpod=3.816,,,3.4700,,0,3.5900,1,4,0.000000,1.1.0,"reconstructed from archived public rate cards; list prices, not transactions; not the index"
2025-11,GIX-B200,published,5.4478,4,7,7,0.1151,4.9900,9.9364,coreweave=9.936;lambda=4.990;nebius=5.060;runpod=5.836,,,5.4900,,0,5.9800,1,4,0.000000,1.1.0,"reconstructed from archived public rate cards; list prices, not transactions; not the index"
2025-11,GIX-A100,published,1.7900,3,9,6,0.1010,1.6681,3.1196,coreweave=3.120;lambda=1.790;runpod=1.668,,,1.6400,,0,1.2900,1,3,0.000000,1.1.0,"reconstructed from archived public rate cards; list prices, not transactions; not the index"
2025-12,GIX-H100,published,3.3081,6,31,12,0.4184,2.0196,6.1550,coreweave=6.155;crusoe=3.588;hyperstack=2.020;lambda=3.028;paperspace=5.474;runpod=2.729,,,2.9900,1.8050,2,1.6000,3,3,0.000000,1.1.0,"reconstructed from archived public rate cards; list prices, not transactions; not the index"
2025-12,GIX-H200,published,3.8814,4,8,8,0.1388,3.2200,6.3050,coreweave=6.305;crusoe=3.947;hyperstack=3.220;runpod=3.816,,,3.5900,2.4500,1,3.5900,1,2,,1.1.0,"reconstructed from archived public rate cards; list prices, not transactions; not the index"
2025-12,GIX-B200,published,5.5168,3,7,7,0.1416,4.9900,9.9364,coreweave=9.936;lambda=4.990;runpod=5.517,,,5.1900,,0,5.9800,1,3,0.000000,1.1.0,"reconstructed from archived public rate cards; list prices, not transactions; not the index"
2025-12,GIX-A100,published,1.7900,5,20,11,0.1962,1.4350,3.1196,coreweave=3.120;crusoe=1.927;hyperstack=1.435;lambda=1.790;runpod=1.553,,,1.5450,1.0650,2,1.2000,3,3,0.000000,1.1.0,"reconstructed from archived public rate cards; list prices, not transactions; not the index"
2026-01,GIX-H100,published,3.0282,7,33,12,0.3711,2.0196,6.1550,coreweave=6.155;digitalocean=3.119;hyperstack=2.020;lambda=3.028;paperspace=5.474;runpod=2.729;voltagepark=2.270,,,2.9900,1.9900,3,2.0550,2,5,0.000000,1.1.0,"reconstructed from archived public rate cards; list prices, not transactions; not the index"
2026-01,GIX-H200,published,3.5180,4,6,6,0.1372,3.1648,6.3050,coreweave=6.305;digitalocean=3.165;hyperstack=3.220;runpod=3.816,,,3.5450,2.4500,1,3.5900,1,3,0.000000,1.1.0,"reconstructed from archived public rate cards; list prices, not transactions; not the index"
2026-01,GIX-B200,published,5.4105,3,19,7,0.1236,4.9594,9.9364,coreweave=9.936;lambda=4.959;runpod=5.411,,,5.1900,,0,5.9800,1,3,-0.006161,1.1.0,"reconstructed from archived public rate cards; list prices, not transactions; not the index"
2026-01,GIX-A100,published,1.6715,4,12,8,0.1574,1.4350,3.1196,coreweave=3.120;hyperstack=1.435;lambda=1.790;runpod=1.553,,,1.5450,1.0650,2,1.1850,2,4,0.000000,1.1.0,"reconstructed from archived public rate cards; list prices, not transactions; not the index"
2026-02,GIX-H100,published,3.1034,8,30,12,0.3148,2.0196,6.1550,coreweave=6.155;crusoe=3.588;hyperstack=2.020;lambda=3.478;nebius=2.714;paperspace=5.474;runpod=2.729;voltagepark=2.270,,,2.9700,1.8050,2,1.6000,3,6,0.000000,1.1.0,"reconstructed from archived public rate cards; list prices, not transactions; not the index"
2026-02,GIX-H200,published,3.8161,5,7,7,0.2316,3.2200,6.3050,coreweave=6.305;crusoe=3.947;hyperstack=3.220;nebius=3.220;runpod=3.816,,,3.5900,2.4500,1,3.5900,1,3,0.000000,1.1.0,"reconstructed from archived public rate cards; list prices, not transactions; not the index"
2026-02,GIX-B200,published,5.4565,4,17,8,0.0746,5.0600,9.9364,coreweave=9.936;lambda=5.609;nebius=5.060;runpod=5.304,,,5.7400,,0,5.9800,1,3,0.000000,1.1.0,"reconstructed from archived public rate cards; list prices, not transactions; not the index"
2026-02,GIX-A100,published,1.7900,5,15,9,0.1962,1.4350,3.1196,coreweave=3.120;crusoe=1.927;hyperstack=1.435;lambda=1.790;runpod=1.553,,,1.4900,1.0650,2,1.2000,3,4,0.000000,1.1.0,"reconstructed from archived public rate cards; list prices, not transactions; not the index"
2026-03,GIX-H100,published,3.2989,6,19,9,0.2594,2.7140,6.1550,coreweave=6.155;digitalocean=3.119;lambda=3.479;nebius=2.714;paperspace=5.474;runpod=2.729,,,3.4400,2.3700,2,2.5900,1,5,0.000000,1.1.0,"reconstructed from archived public rate cards; list prices, not transactions; not the index"
2026-03,GIX-H200,published,3.5180,4,6,6,0.1372,3.1648,6.3050,coreweave=6.305;digitalocean=3.165;nebius=3.220;runpod=3.816,,,3.5450,,0,3.5900,1,3,0.000000,1.1.0,"reconstructed from archived public rate cards; list prices, not transactions; not the index"
2026-03,GIX-B200,published,5.5032,4,13,7,0.0865,5.0600,9.9364,coreweave=9.936;lambda=5.702;nebius=5.060;runpod=5.304,,,5.8500,,0,5.9800,1,4,0.000000,1.1.0,"reconstructed from archived public rate cards; list prices, not transactions; not the index"
2026-03,GIX-A100,published,2.0600,3,7,5,0.3648,1.5531,3.1196,coreweave=3.120;lambda=2.060;runpod=1.553,,,1.4900,1.1500,1,1.2900,1,3,0.000000,1.1.0,"reconstructed from archived public rate cards; list prices, not transactions; not the index"
2026-04,GIX-H100,published,2.9930,8,30,13,0.4201,2.0196,6.1550,coreweave=6.155;digitalocean=3.119;hyperstack=2.020;lambda=3.990;nebius=2.714;paperspace=5.474;runpod=2.867;voltagepark=2.270,,,2.9900,2.2400,3,2.0550,2,6,0.000000,1.1.0,"reconstructed from archived public rate cards; list prices, not transactions; not the index"
2026-04,GIX-H200,published,3.2200,5,9,9,0.0254,3.1648,6.3050,coreweave=6.305;digitalocean=3.165;hyperstack=3.220;nebius=3.220;runpod=4.029,,,3.5900,2.4500,1,3.5900,1,4,0.000000,1.1.0,"reconstructed from archived public rate cards; list prices, not transactions; not the index"
2026-04,GIX-B200,published,6.2178,4,14,8,0.1836,5.0600,8.6000,coreweave=8.600;lambda=6.600;nebius=5.060;runpod=5.836,,,6.7400,,0,5.9800,1,4,0.047746,1.1.0,"reconstructed from archived public rate cards; list prices, not transactions; not the index"
2026-04,GIX-A100,published,2.1715,4,17,9,0.4626,1.4350,3.1196,coreweave=3.120;hyperstack=1.435;lambda=2.790;runpod=1.553,,dispersion 0.463 above the live ceiling 0.45,1.4900,1.0650,2,1.1850,2,3,0.000000,1.1.0,"reconstructed from archived public rate cards; list prices, not transactions; not the index"
2026-05,GIX-H100,published,3.5544,6,26,10,0.3868,2.2702,6.1550,coreweave=6.155;digitalocean=3.119;lambda=3.990;paperspace=5.474;runpod=2.984;voltagepark=2.270,,,3.9900,2.3700,2,2.5900,1,6,0.000000,1.1.0,"reconstructed from archived public rate cards; list prices, not transactions; not the index"
2026-05,GIX-H200,published,4.2412,3,5,5,0.3763,3.1648,6.3050,coreweave=6.305;digitalocean=3.165;runpod=4.241,,,3.9900,,0,3.5900,1,3,0.000000,1.1.0,"reconstructed from archived public rate cards; list prices, not transactions; not the index"
2026-05,GIX-B200,published,6.5998,3,16,7,0.1717,5.8357,8.6000,coreweave=8.600;lambda=6.600;runpod=5.836,,,6.7900,,0,5.9800,1,3,0.000000,1.1.0,"reconstructed from archived public rate cards; list prices, not transactions; not the index"
2026-05,GIX-A100,published,2.7900,3,10,7,0.1751,1.5531,3.1196,coreweave=3.120;lambda=2.790;runpod=1.553,,,1.4900,1.1500,1,1.2900,1,3,0.000000,1.1.0,"reconstructed from archived public rate cards; list prices, not transactions; not the index"
2026-06,GIX-H100,published,3.3174,7,25,11,0.3006,2.0196,6.1550,coreweave=6.155;crusoe=3.588;digitalocean=3.119;hyperstack=2.020;lambda=3.990;runpod=3.317;voltagepark=2.270,,,3.2900,1.9350,2,2.0550,2,5,0.000000,1.1.0,"reconstructed from archived public rate cards; list prices, not transactions; not the index"
2026-06,GIX-H200,published,3.9468,5,8,8,0.2730,3.1648,6.3050,coreweave=6.305;crusoe=3.947;digitalocean=3.165;hyperstack=3.220;runpod=4.666,,,4.3400,2.4500,1,3.5900,1,3,0.000000,1.1.0,"reconstructed from archived public rate cards; list prices, not transactions; not the index"
2026-06,GIX-B200,published,6.5998,3,12,6,0.0761,6.2609,8.6000,coreweave=8.600;lambda=6.600;runpod=6.261,,,6.7900,,0,5.8900,1,3,0.000000,1.1.0,"reconstructed from archived public rate cards; list prices, not transactions; not the index"
2026-06,GIX-A100,published,2.3064,5,14,8,0.4843,1.4350,3.1196,coreweave=3.120;crusoe=2.306;hyperstack=1.435;lambda=2.790;runpod=1.553,,dispersion 0.484 above the live ceiling 0.45,1.4900,0.9800,1,1.1850,2,3,0.000000,1.1.0,"reconstructed from archived public rate cards; list prices, not transactions; not the index"
2026-07,GIX-H100,published,3.5420,7,33,14,0.1771,2.6574,6.1550,coreweave=6.155;crusoe=3.588;digitalocean=3.119;hyperstack=2.657;lambda=3.990;nebius=3.542;runpod=3.317,,,3.8500,2.5400,2,2.1500,3,6,0.000000,1.1.0,"reconstructed from archived public rate cards; list prices, not transactions; not the index"
2026-07,GIX-H200,published,4.0434,6,11,11,0.1825,3.1648,6.3050,coreweave=6.305;crusoe=3.947;digitalocean=3.165;hyperstack=3.671;nebius=4.140;runpod=4.666,,,4.3900,3.0950,2,3.0200,2,5,0.000000,1.1.0,"reconstructed from archived public rate cards; list prices, not transactions; not the index"
2026-07,GIX-B200,published,6.5780,5,20,11,0.0451,6.2609,8.6000,coreweave=8.600;hyperstack=6.378;lambda=6.600;nebius=6.578;runpod=6.261,,,6.7900,5.1000,1,4.9200,2,3,0.000000,1.1.0,"reconstructed from archived public rate cards; list prices, not transactions; not the index"
2026-07,GIX-A100,published,2.3064,5,20,11,0.4843,1.4350,3.1196,coreweave=3.120;crusoe=2.306;hyperstack=1.435;lambda=2.790;runpod=1.553,,dispersion 0.484 above the live ceiling 0.45,1.5450,0.9800,1,1.1850,2,5,0.000000,1.1.0,"reconstructed from archived public rate cards; list prices, not transactions; not the index"
2026-08,GIX-H100,published,3.7890,8,50,21,0.1447,2.6574,6.1550,coreweave=6.155;crusoe=3.588;digitalocean=4.057;hyperstack=2.657;lambda=3.990;nebius=3.542;paperspace=5.474;runpod=3.317,,,3.2900,2.2400,3,2.1500,3,7,0.000000,1.1.0,"reconstructed from archived public rate cards; list prices, not transactions; not the index"
2026-08,GIX-H200,published,4.1262,6,16,16,0.1140,3.6708,6.3050,coreweave=6.305;crusoe=3.947;digitalocean=4.112;hyperstack=3.671;nebius=4.140;runpod=4.879,,,4.3900,3.0950,2,3.0200,2,6,0.000000,1.1.0,"reconstructed from archived public rate cards; list prices, not transactions; not the index"
2026-08,GIX-B200,published,6.5998,5,28,16,0.0499,6.3778,8.6000,coreweave=8.600;hyperstack=6.378;lambda=6.600;nebius=6.578;runpod=7.218,,,6.7900,5.1000,1,4.9650,2,5,0.000000,1.1.0,"reconstructed from archived public rate cards; list prices, not transactions; not the index"
2026-08,GIX-A100,published,2.3064,5,33,17,0.4547,1.4350,3.1196,coreweave=3.120;crusoe=2.306;hyperstack=1.435;lambda=2.790;runpod=1.599,,dispersion 0.455 above the live ceiling 0.45,1.5900,1.0650,2,1.1850,2,5,0.000000,1.1.0,"reconstructed from archived public rate cards; list prices, not transactions; not the index"
2026-09,GIX-H100,published,3.7890,8,55,23,0.1267,2.6574,6.1550,coreweave=6.155;crusoe=3.588;digitalocean=4.057;hyperstack=2.657;lambda=3.990;nebius=3.542;paperspace=5.474;runpod=3.409,,,3.8500,2.2400,3,2.1500,3,8,0.000000,1.1.0,"reconstructed from archived public rate cards; list prices, not transactions; not the index"
2026-09,GIX-H200,published,4.1262,6,17,17,0.1140,3.6708,6.3050,coreweave=6.305;crusoe=3.947;digitalocean=4.112;hyperstack=3.671;nebius=4.140;runpod=4.879,,,4.4700,3.0950,2,3.0200,2,6,0.000000,1.1.0,"reconstructed from archived public rate cards; list prices, not transactions; not the index"
2026-09,GIX-B200,published,6.5998,5,32,17,0.0499,6.3778,8.6000,coreweave=8.600;hyperstack=6.378;lambda=6.600;nebius=6.578;runpod=7.218,,,6.7900,5.1000,1,4.9650,2,5,0.000000,1.1.0,"reconstructed from archived public rate cards; list prices, not transactions; not the index"
2026-09,GIX-A100,published,2.3064,5,32,17,0.3745,1.4350,3.1196,coreweave=3.120;crusoe=2.306;hyperstack=1.435;lambda=2.790;runpod=1.724,,,1.5950,1.0650,2,1.1850,2,5,0.000000,1.1.0,"reconstructed from archived public rate cards; list prices, not transactions; not the index"
